Year,CampusMatched,CampusMatchedConfidence,ProgramInferred,Title,Researchers,Venue,Publisher,Type,DOI,URL,MatchedAffiliation,AllAffiliations,Subjects,Abstract,CrossrefQueryUsed
2026,Main Campus,high,Computing (unspecified),"The Conservation of Architectural Heritage Structures Built with Tuff and Coral Rock: A Systematic Review and Bibliometric Analysis of Geopolymer Formulation, Application, Compatibility and Durability","Kent Benedict Aleonar Salisid, Raul Lucero, Reymarvelos Oros, Mylah Villacorte-Tabelin, Theerayut Phengsaart, Shengguo Xue, Jiaqing Zeng, Ivy Corazon A. Mangaya-ay, Takahiko Arima, Ilhwan Park, Mayumi Ito, Sanghee Jeon, Carlito Baltazar Tabelin",Minerals,MDPI AG,journal-article,10.3390/min16040426,https://doi.org/10.3390/min16040426,"College of Arts and Sciences, Bohol Island State University Main Campus, Tagbilaran 6300, Philippines","Department of Materials and Resources Engineering & Technology, College of Engineering, Mindanao State University—Iligan Institute of Technology, Iligan City 9200, Philippines | Resource Processing and Technology Center, RIEIT, Mindanao State University—Iligan Institute of Technology, Iligan City 9200, Philippines | Department of Materials and Resources Engineering & Technology, College of Engineering, Mindanao State University—Iligan Institute of Technology, Iligan City 9200, Philippines | Resource Processing and Technology Center, RIEIT, Mindanao State University—Iligan Institute of Technology, Iligan City 9200, Philippines | Resource Processing and Technology Center, RIEIT, Mindanao State University—Iligan Institute of Technology, Iligan City 9200, Philippines | Center for Natural Products and Drug Discovery, PRISM, Mindanao State University—Iligan Institute of Technology, Iligan City 9200, Philippines | Center for Microbial Genomics and Proteomics Innovation, PRISM, Mindanao State University—Iligan Institute of Technology, Iligan City 9200, Philippines | Department of Mining and Petroleum Engineering, Faculty of Engineering, Chulalongkorn University, Bangkok 10330, Thailand | School of Metallurgy and Environment, Central South University, Changsha 410083, China | Key Laboratory of Karst Geo-Resources and Environment, Ministry of Education, Guizhou University, Guiyang 550025, China | College of Arts and Sciences, Bohol Island State University Main Campus, Tagbilaran 6300, Philippines | Division of Sustainable Resources Engineering, Faculty of Engineering, Hokkaido University, Sapporo 060-8628, Japan | Division of Sustainable Resources Engineering, Faculty of Engineering, Hokkaido University, Sapporo 060-8628, Japan | Division of Sustainable Resources Engineering, Faculty of Engineering, Hokkaido University, Sapporo 060-8628, Japan | Graduate School of International Resource Sciences, Akita University, Akita 010-0865, Japan | Department of Materials and Resources Engineering & Technology, College of Engineering, Mindanao State University—Iligan Institute of Technology, Iligan City 9200, Philippines | Resource Processing and Technology Center, RIEIT, Mindanao State University—Iligan Institute of Technology, Iligan City 9200, Philippines",,"The conservation of tuff- and coral rock-built architectural heritage structures (AHS) is challenging because access to original tuff and coral rock has become difficult and severely limited due to urbanization, land reclamation, the depletion of stone quarries, anti-mining and anti-quarrying legislation. An emerging approach to address this issue is to create compatible “replacement” rocks via geopolymerization, a process that is more sustainable and greener than the use of conventional cement and concrete. To explore the potential of geopolymers for AHS conservation strategies, the Preferred Reporting Items for Systematic Reviews and Meta-Analyses (PRISMA) guidelines were implemented; 103 eligible articles were identified and classified into geopolymers for AHS (34 articles), tuff-built AHS (60 articles), and coral rock-built AHS (9 articles). Tuff substrates in AHSs appear in a variety of colors (yellowish-brown, grayish-cream, reddish-brown, pale greenish-gray and pink hues), densities (1.0–2.5 g/m3), and compressive strengths (3–100 MPa). Meanwhile, coral rock substrates in AHSs appear in whitish-cream color and are coarse-pored (1–5 MPa), fine-grained (8–15 MPa), and calcarenite (50–60 MPa). In terms of geopolymer formulation, metakaolin was reported as the most popular main precursor or admixture, while NaOH and Na2SiO3 were used simultaneously as alkaline activators. Aggregates used in geopolymer formulations depended on local availability, including quartz sand, river sand, crushed stones, carbonate stones, volcanic rock, volcanic sand, tuff, brick, ceramic tiles, and waste materials. Aesthetics, chemical composition, physical attributes, and mechanical properties have been identified as key criteria to ensure geopolymer compatibility for AHS conservation application. To date, geopolymers have been applied for AHS conservation as repair mortars, consolidants (i.e., grout and adhesives), and masonry strengthening (i.e., fiber-reinforced mortar). Finally, geopolymers formulated for AHS conservation have similar durability as the original substrate based on accelerated aging tests (i.e., salt mist, wet-dry, and freeze–thaw) and long-term outdoor exposure experiments.",Bohol Island State University Main Campus
2026,Main Campus,high,Computer Engineering,Evaluation of Convolutional Neural Network Models for Leaf-Based Endangered Tree Classification,"Bem Gumapac, Jocelyn Villaverde","Eurasia Conference on IoT, Communication and Engineering",MDPI,proceedings-article,10.3390/engproc2026134003,https://doi.org/10.3390/engproc2026134003,"Computer Engineering Department, College of Engineering, Architecture and Industrial Design, Bohol Island State University, Tagbilaran City 6300, Philippines","School of Graduate Studies, Mapúa University, Manila 1002, Philippines | Computer Engineering Department, College of Engineering, Architecture and Industrial Design, Bohol Island State University, Tagbilaran City 6300, Philippines | School of Graduate Studies, Mapúa University, Manila 1002, Philippines",,,Bohol Island State University
2026,Main Campus,high,Computer Engineering,"BEMAX: A Leaf-Based Endangered Tree Classification System Using Convolutional Neural Network in Bohol Biodiversity Complex, the Philippines","Bem Gumapac, Jocelyn Villaverde","Eurasia Conference on IoT, Communication and Engineering",MDPI,proceedings-article,10.3390/engproc2026134014,https://doi.org/10.3390/engproc2026134014,"Computer Engineering Department, College of Engineering, Architecture and Industrial Design, Bohol Island State University, Tagbilaran City 6300, Philippines","School of Graduate Studies, Mapúa University, Manila 1002, Philippines | Computer Engineering Department, College of Engineering, Architecture and Industrial Design, Bohol Island State University, Tagbilaran City 6300, Philippines | School of Graduate Studies, Mapúa University, Manila 1002, Philippines",,,Bohol Island State University
2026,Clarin Campus,high,Computing (unspecified),"Farmers’ Perception of Biofertilizer Effectiveness in Rice Farming in San Agustin, Sagbayan, Bohol","Kim C. Abico, Jemma Lucitte A. Cabrillos",International Journal of Research and Innovation in Applied Science,RSIS International,journal-article,10.51584/ijrias.2026.111500012,https://doi.org/10.51584/ijrias.2026.111500012,"College of Science and Management, Bachelor of  Science in Environmental Science, Bohol Island State University- Clarin Campus","College of Science and Management, Bachelor of  Science in Environmental Science, Bohol Island State University- Clarin Campus | Philippines | College of Science and Management, Bachelor of  Science in Environmental Science, Bohol Island State University- Clarin Campus | Philippines",,"This study aimed to assess farmers’ perceptions of the effectiveness of biofertilizer application in rice farming in San Agustin, Sagbayan, Bohol. The study assessed the efficacy of biofertilizers for plant height, tiller count per plant, and rice quality, while also investigating the presence of significant differences among these variables. The study posited that no significant differences would exist among the three measures. Moreover, the researcher utilized a descriptive-survey research approach, employing a validated, researcher-developed questionnaire with 0.92 reliability index was administered to 100 purposively selected DA-registered rice producers. Additionally, interviews and field observations were performed to enhance the collected data. Reliability testing produced satisfactory to commendable alpha values, affirming the instrument's consistency. Formal coordination with municipal and barangay officials was conducted for data collection, and statistical analysis was performed using the weighted mean and Friedman test. The results indicated that biofertilizers were regarded as somewhat efficient in improving plant height (M=3.55), the number of tillers per plant (M=3.40), and rice quality (M=3.40) by which both of the three results were interpreted as Moderately Effective. Moreover, the results indicated substantial disparities between plant height and both tiller count and rice quality; however, no significant difference was seen between tiller number and rice quality, thus the null hypothesis is not accepted. These findings demonstrate that biofertilizers had a more significant impact on vegetative development than on grain attributes. In conclusion, while biofertilizers provide quantifiable advantages in rice agriculture, their efficacy is contingent upon soil conditions, microbe formulations, and administration methods. The study advocates for enhancing farmer education, incorporating biofertilizers with additional nutrient sources, advancing extension services, and guaranteeing the accessibility of superior microbial goods. Finally, additional research is recommended to investigate long-term field results and refine application techniques.",Bohol Island State University
2026,Clarin Campus,high,Computing (unspecified),A Machine Learning Approach to Analyzing Student Learning Experiences in Cloud-Based Learning,"Alvin T. Remolado, Ariel Roy L. Reyes, Jonathan V. Oludin, Maria Jennifer G. Cubillo",2026 IEEE 18th International Conference on Computational Intelligence and Communication Networks (CICN),IEEE,proceedings-article,10.1109/cicn70047.2026.11594304,https://doi.org/10.1109/cicn70047.2026.11594304,"College of Science and Management, Bohol Island State University - Clarin Campus,Clarin,Bohol,Philippines","College of Science and Management, Bohol Island State University - Clarin Campus,Clarin,Bohol,Philippines | Graduate School of Computing, University of Southeastern Philippines,Davao City,Philippines | College of Teacher Education, Bohol Island State University &#x2013; Clarin Campus,Clarin,Bohol,Philippines | College of Teacher Education, Bohol Island State University &#x2013; Clarin Campus,Clarin,Bohol,Philippines",,,Bohol Island State University
2026,Bilar Campus,high,Computer Science,Wireless Communication and Intelligent Control for Wastewater Quality Monitoring Using IoT and ZigBee Wireless Sensor Networks,"Daniel Dasig, Chester Bryan Torres, Nikhil Vijay, Rahul Bhandari, Rudolph Val Guarin, Menchita Dumlao, Choo Wou Onn, Melina Gabon, Marjorie Solomon, Darrel Cardana",2026 IEEE 18th International Conference on Computational Intelligence and Communication Networks (CICN),IEEE,proceedings-article,10.1109/cicn70047.2026.11594131,https://doi.org/10.1109/cicn70047.2026.11594131,"Bohol Island State University-Bilar,Computer Science Department,Bohol,Philippines","School of Arts and Sciences, and Research and Development Office, Philippine Women&#x0027;s University,Manila,Philippines | School of Engineering, Computing and Architecture, National University Manila,Manila,Philippines | JECRC Foundation,Department of Computer Science and Engineering,Jaipur,Rajasthan,India,302022 | Office of Institutional Advancement &#x0026; Strategic Global Engagement, O.P. Jindal Global University,Sonipat,Haryana,India,131001 | College of Professional and Graduate Studies, De La Salle University Dasmarinas,Cavite,Philippines | Philippine Women&#x0027;s University,Information Technology Department,Manila,Philippines | INTI International University,Faculty of Data Science and Information Technology,Negeri Sembilan,Malaysia | College of Criminology, Philippine College of Criminology,Manila,Philippines | Philippine Women&#x0027;s University,Information Technology Department,Manila,Philippines | Bohol Island State University-Bilar,Computer Science Department,Bohol,Philippines",,,Bohol Island State University
2026,BISU (campus unspecified),high,Information Technology,Transfer Learning-Based Computer Vision Modeling Framework for Lumbar Vertebrae Localization in Sagittal Radiographs,Roselle P. Cimagala,2026 30th International Conference on Information Technology (IT),IEEE,proceedings-article,10.1109/it67293.2026.11435679,https://doi.org/10.1109/it67293.2026.11435679,"Bohol Island State University,Bohol,PHL,6300","Bohol Island State University,Bohol,PHL,6300",,,Bohol Island State University
2026,BISU (campus unspecified),high,Information Technology,Transfer Learning-Based Computer Vision Framework for Automated Detection and Localization of Lung Ultrasound Vertical Artifacts,Myriam C. Jumila-Polinar,2026 30th International Conference on Information Technology (IT),IEEE,proceedings-article,10.1109/it67293.2026.11435705,https://doi.org/10.1109/it67293.2026.11435705,"Bohol Island State University, Bohol, Central Visayas (Region VII),PHL,6300","Bohol Island State University, Bohol, Central Visayas (Region VII),PHL,6300",,,Bohol Island State University
2026,BISU (campus unspecified),high,Information Technology,Multi-Stage Instance Segmentation for Strawberry Ripeness Assessment Across Physiological Development Stages,"Deanne Cameren P. Evangelista, Roselle P. Cimagala, Myriam C. Jumila-Polinar, Elaine M. Cepe, Carla May C. Ceribo",2026 30th International Conference on Information Technology (IT),IEEE,proceedings-article,10.1109/it67293.2026.11435749,https://doi.org/10.1109/it67293.2026.11435749,Bohol Island State University,Bohol Island State University | Bohol Island State University | Bohol Island State University | Bohol Island State University | Southern Luzon State University,,,Bohol Island State University
2026,BISU (campus unspecified),high,Information Technology,Deep Transfer Learning Framework for Multiclass Driver Behavioral States Recognition: A Computer Vision Approach,Deanne Cameren P. Evangelista,2026 30th International Conference on Information Technology (IT),IEEE,proceedings-article,10.1109/it67293.2026.11435683,https://doi.org/10.1109/it67293.2026.11435683,"Bohol Island State University,Bohol,PHL,6300","Bohol Island State University,Bohol,PHL,6300",,,Bohol Island State University
2026,BISU (campus unspecified),high,Computing (unspecified),"Sensory Learning, Multisensory Teaching, and the Cognitive Failure in Academic Performance of Grade 5 Learners in Science","Annaluna Gallego, Rufino Lorejo",Psychology and Education: A Multidisciplinary Journal,Innovative Scholars and Researchers Alliance,journal-article,10.70838/pemj.580102,https://doi.org/10.70838/pemj.580102,Bohol Island State University – Philippines,Department of Education – Philippines | Bohol Island State University – Philippines,,"This study investigated factors influencing Science performance among Grade 5 learners in the Congressional District 1 of Bohol during the 2024–2025 school year. The research focused on the relationships among learners’ sensory learning styles such as ways individuals best process information using their senses, such as visual, auditory, kinesthetic, or reading/writing preferences), teachers’ use of multisensory teaching strategies (using multiple senses simultaneously to enhance learning, and learners’ cognitive failures such as difficulties in attention, memory, and task completion, such as forgetting instructions or losing focus. Data were obtained from 1,340 learners and 134 Science teachers, offering complementary perspectives on classroom learning and instruction. Descriptive and inferential statistical analyses were conducted to examine the variables and their interrelationships. The findings indicated that learners predominantly preferred kinesthetic and reading/writing sensory modalities, whereas teachers primarily reported using tactile strategies, revealing a perceptual discrepancy between teachers and learners. Learners demonstrated moderate cognitive failure; however, most achieved very satisfactory to outstanding Science grades, indicating that effective teaching may mitigate some attentional and memory lapses. These results highlight the importance of aligning instruction and assessment with students’ sensory preferences to reduce cognitive load (mental effort required for thinking and learning) and enhance learning outcomes. To facilitate implementation, a planning guide was developed to support educators in delivering responsive multisensory instruction, addressing perceptual gaps, and accommodating diverse learner needs.",Bohol Island State University
2026,BISU (campus unspecified),high,Computing (unspecified),"Integrating Artificial Intelligence (AI) Tools in Teaching: Its Influence on Instructional Quality, Productivity, and Student Motivation","Ma. Rubeneth Estaño, Maria Lilibeth Castil",Psychology and Education: A Multidisciplinary Journal,Innovative Scholars and Researchers Alliance,journal-article,10.70838/pemj.580704,https://doi.org/10.70838/pemj.580704,Bohol Island State University – Philippines,CocoEnglish Online Tutorial Services – Philippines | Bohol Island State University – Philippines,,"This study examined teachers’ integration of artificial intelligence (AI) tools in teaching and its influence on instructional quality, teacher productivity, and students’ motivation in selected public secondary schools in Congressional District I of Bohol Division during the School Year 2025–2026. Specifically, it investigated the AI tools teachers use, their skill levels, the extent of AI integration in instruction, and the perceptions of school heads and teachers on instructional quality, productivity, and student motivation. A descriptive-inferential design was employed, utilizing survey questionnaires administered to school heads, teachers, and Grade 10 students. Data were analyzed using frequency counts, weighted means, and multivariate analysis of variance (MANOVA) to determine the overall and individual effects of AI integration on the measured outcomes. The overall multivariate results indicate a significant effect of teachers’ level of AI integration on the combined dependent variables, as shown by Pillai’s Trace (V = 0.527, F = 35.6, p",Bohol Island State University
2026,BISU (campus unspecified),high,Computing (unspecified),Feature Engineering and Machine Learning-based Analysis of Tourist Satisfaction and Interest-Driven Segmentation,"Epifelward Niño O. Amora, Lolita V. Velita, Maria Esther F. Medalla",2026 International Conference on Intelligent and Sustainable AI Systems (ICOSAAS),IEEE,proceedings-article,10.1109/icosaas68663.2026.11649100,https://doi.org/10.1109/icosaas68663.2026.11649100,Bohol Island State University – Candijay Campus,Bohol Island State University – Candijay Campus | Cebu Technological University - Main Campus | Cebu Technological University - Main Campus,,,Bohol Island State University
2026,BISU (campus unspecified),high,Computing (unspecified),Explainable AI for Predicting and Understanding Teen Cyber Risks,"Alma Mae B. Auxtero, Ariel Roy L. Reyes",2026 9th International Conference on Inventive Computation Technologies (ICICT),IEEE,proceedings-article,10.1109/icict68280.2026.11510837,https://doi.org/10.1109/icict68280.2026.11510837,"Bohol Island State University,College of Sciences,Tagbilaran City","Bohol Island State University,College of Sciences,Tagbilaran City | University of Southeastern Philippines,College of Information and Computing,Davao City",,,Bohol Island State University
2026,BISU (campus unspecified),high,Computer Science,Predicting Mental Health Conditions Across Countries Using Lifestyle Factors: A Machine Learning Approach,"Epifelward Niño O. Amora, Evangeline N. Olandria",2026 7th International Conference on Mobile Computing and Sustainable Informatics (ICMCSI),IEEE,proceedings-article,10.1109/icmcsi67283.2026.11412709,https://doi.org/10.1109/icmcsi67283.2026.11412709,"College of Sciences, Bohol Island State University &#x2013; Candijay Campus,Department of Computer Science,Philippines","College of Sciences, Bohol Island State University &#x2013; Candijay Campus,Department of Computer Science,Philippines | College of Sciences, Bohol Island State University &#x2013; Candijay Campus,Department of Computer Science,Philippines",,,Bohol Island State University
2026,BISU (campus unspecified),high,Computer Science,Multifactor Student Academic Performance Classification using Machine Learning,"Epifelward Niño O. Amora, Marc Benigno Olaguir",2026 9th International Conference on Inventive Computation Technologies (ICICT),IEEE,proceedings-article,10.1109/icict68280.2026.11511113,https://doi.org/10.1109/icict68280.2026.11511113,"Bohol Island State University &#x2013; Candijay Campus,College of Sciences,Department of Computer Science,Philippines","Bohol Island State University &#x2013; Candijay Campus,College of Sciences,Department of Computer Science,Philippines | Bohol Island State University &#x2013; Balilihan Campus,College of Technology and Allied Sciences,Philippines",,,Bohol Island State University
2026,BISU (campus unspecified),high,Computer Science,Forecasting Tourism Competitiveness Rankings with ElasticNet: A TTDI-based Approach,"Epifelward Niño O. Amora, Jesszon B. Cano",2026 6th International Conference on Image Processing and Capsule Networks (ICIPCN),IEEE,proceedings-article,10.1109/icipcn67432.2026.11438416,https://doi.org/10.1109/icipcn67432.2026.11438416,"Bohol Island State University,College of Sciences,Department of Computer Science,Philippines","Bohol Island State University,College of Sciences,Department of Computer Science,Philippines | Bohol Island State University,College of Business Management,Department of Hospitality Management,Philippines",,,Bohol Island State University
2026,BISU (campus unspecified),high,Computer Science,Enhancing Employee Attrition Prediction with Machine Learning and Feature Engineering,"Epifelward Niño O. Amora, Rowena P. Montesclaros",2026 6th International Conference on Image Processing and Capsule Networks (ICIPCN),IEEE,proceedings-article,10.1109/icipcn67432.2026.11438458,https://doi.org/10.1109/icipcn67432.2026.11438458,"Bohol Island State University,College of Sciences,Department of Computer Science,Philippines","Bohol Island State University,College of Sciences,Department of Computer Science,Philippines | Bohol Island State University,Human Resource Management Department,Philippines",,,Bohol Island State University
2026,BISU (campus unspecified),high,Computer Science,A Two-Stage Baseline-Residual Machine Learning Framework for Predicting Small-Scale Fisheries Catch Productivity,"Epifelward Niño O. Amora, Patrick D. Cerna",2026 9th International Conference on Inventive Computation Technologies (ICICT),IEEE,proceedings-article,10.1109/icict68280.2026.11511144,https://doi.org/10.1109/icict68280.2026.11511144,"Bohol Island State University &#x2013; Candijay Campus,College of Sciences,Department of Computer Science,Philippines","Bohol Island State University &#x2013; Candijay Campus,College of Sciences,Department of Computer Science,Philippines | State University of Northern,Graduate School,Negros,Philippines",,,Bohol Island State University
2025,Clarin Campus,high,Information Systems,Predicting Scholarship Eligibility Using Machine Learning: A Data-Driven Approach,"Alvin T. Remolado, Ruel V. Perocho, Christine C. Hormillada","2025 9th International Conference on Information Technology, Information Systems and Electrical Engineering (ICITISEE)",IEEE,proceedings-article,10.1109/icitisee68184.2025.11355053,https://doi.org/10.1109/icitisee68184.2025.11355053,"College of Science and Management Bohol Island State University Clarin,Philippines","College of Science and Management Bohol Island State University Clarin,Philippines | College of Science and Management Bohol Island State University Clarin,Philippines | College of Science and Management Bohol Island State University Clarin,Philippines",,,Bohol Island State University
2025,Clarin Campus,high,Computing (unspecified),Enhancing Mango Leaf Disease Diagnosis Using Convolutional Neural Networks,Rey Anthony Godmalin,"2025 IEEE Open Conference of Electrical, Electronic and Information Sciences (eStream)",IEEE,proceedings-article,10.1109/estream66938.2025.11016895,https://doi.org/10.1109/estream66938.2025.11016895,"Bohol Island State University - Clarin Campus,Computer Sciecne Department,Bohol,Philippines","Bohol Island State University - Clarin Campus,Computer Sciecne Department,Bohol,Philippines",,,Bohol Island State University
2025,Clarin Campus,high,Computing (unspecified),Deep Learning Approach For Weed Detection To Determine Soil Condition,"Jade P. Polinar, Al Jastin N. Miñoza, Sil Janine A. Daño, Alme M. Aparicio","2025 IEEE Open Conference of Electrical, Electronic and Information Sciences (eStream)",IEEE,proceedings-article,10.1109/estream66938.2025.11016901,https://doi.org/10.1109/estream66938.2025.11016901,"Bohol Island State University-Clarin Campus,College of Science and Management,Philippines","Bohol Island State University-Clarin Campus,College of Science and Management,Philippines | Bohol Island State University-Clarin Campus,College of Science and Management,Philippines | Bohol Island State University-Clarin Campus,College of Science and Management,Philippines | Bohol Island State University-Clarin Campus,College of Science and Management,Philippines",,,Bohol Island State University
2025,Clarin Campus,high,Computer Science,Optimized Fruit Detection in Complex Environments Using YOLOv11n for Smart Agricultural Applications,Daryl B. Valdez,"2025 IEEE Open Conference of Electrical, Electronic and Information Sciences (eStream)",IEEE,proceedings-article,10.1109/estream66938.2025.11016889,https://doi.org/10.1109/estream66938.2025.11016889,"Bohol Island State University-Clarin Campus,Department of Computer Science,Philippines","Bohol Island State University-Clarin Campus,Department of Computer Science,Philippines",,,Bohol Island State University
2025,Clarin Campus,high,Computer Science,Intelligent Traffic Monitoring And Accident Detection System Using YOLOv11 And Image Processing,"Russel Rey F. Lupian, Catherine G. Arong, Wendell S. Betinol, Daryl B. Valdez","2025 IEEE Open Conference of Electrical, Electronic and Information Sciences (eStream)",IEEE,proceedings-article,10.1109/estream66938.2025.11016862,https://doi.org/10.1109/estream66938.2025.11016862,"Bohol Island State University - Clarin Campus,Department of Computer Science","Bohol Island State University - Clarin Campus,Department of Computer Science | Bohol Island State University - Clarin Campus,Department of Computer Science | Bohol Island State University - Clarin Campus,Department of Computer Science | Bohol Island State University - Clarin Campus,Department of Computer Science,Philippines",,,Bohol Island State University
2025,Clarin Campus,high,Computer Science,Design and Development of Integrated Human Resource Management System with Face Recognition Attendance,"Harey D. Aparece, Julia Ann A. Gambe, Jay Mark M. Penton, Daryl B. Valdez","2025 IEEE Open Conference of Electrical, Electronic and Information Sciences (eStream)",IEEE,proceedings-article,10.1109/estream66938.2025.11016878,https://doi.org/10.1109/estream66938.2025.11016878,"Bohol Island State University - Clarin Campus,Department of Computer Science,Philippines","Bohol Island State University - Clarin Campus,Department of Computer Science,Philippines | Bohol Island State University - Clarin Campus,Department of Computer Science,Philippines | Bohol Island State University - Clarin Campus,Department of Computer Science,Philippines | Bohol Island State University - Clarin Campus,Department of Computer Science,Philippines",,,Bohol Island State University
2025,Clarin Campus,high,Computer Science,AI-Based Advancements for Comprehensive Mangrove Analysis Suitability Mapping,"Alme M. Aparicio, Ariel Christian C. Viodor","2025 IEEE Open Conference of Electrical, Electronic and Information Sciences (eStream)",IEEE,proceedings-article,10.1109/estream66938.2025.11016872,https://doi.org/10.1109/estream66938.2025.11016872,"Bohol Island State University-Clarin,Computer Science Department,Clarin,Philippines","Bohol Island State University-Clarin,Computer Science Department,Clarin,Philippines | Bohol Island State University-Clarin,Computer Science Department,Clarin,Philippines",,,Bohol Island State University
2025,Candijay Campus,high,Computing (unspecified),Exploring Sentiment and Moral Dynamics in Children's Literature Using Machine Learning: A Sentiment Analysis Approach,"Weena Mae G. Ampo, Epifelward Niño Amora",2025 4th International Conference on Sentiment Analysis and Deep Learning (ICSADL),IEEE,proceedings-article,10.1109/icsadl65848.2025.10933123,https://doi.org/10.1109/icsadl65848.2025.10933123,"College of Teacher Education, Bohol Island State University-Candijay,Candijay,Bohol,Philippines","College of Teacher Education, Bohol Island State University-Candijay,Candijay,Bohol,Philippines | College of Sciences, Bohol Island State University-Candijay,Candijay,Bohol,Philippines",,,Bohol Island State University
2025,Candijay Campus,high,Computer Science,Phishing URL Detection Using Naive Bayes Classification: A Robust Method for Accurate Detection,Epifelward Niño O. Amora,2025 International Conference on Visual Analytics and Data Visualization (ICVADV),IEEE,proceedings-article,10.1109/icvadv63329.2025.10961925,https://doi.org/10.1109/icvadv63329.2025.10961925,"College of Sciences, Bohol Island State University - Candijay Campus,Computer Science Department,Cogtong, Candijay,Bohol,Philippines","College of Sciences, Bohol Island State University - Candijay Campus,Computer Science Department,Cogtong, Candijay,Bohol,Philippines",,,Bohol Island State University
2025,Candijay Campus,high,Computer Science,Climatic Change Analytics in the Philippines: A Time-Series Predictive Modeling Approach,"Epifelward Niño O. Amora, Joymarie A. Balabat, Mailyn R. Uba, Aileen A. Mapute, Rosary P. Balbarino",2025 6th International Conference on Intelligent Communication Technologies and Virtual Mobile Networks (ICICV),IEEE,proceedings-article,10.1109/icicv64824.2025.11085702,https://doi.org/10.1109/icicv64824.2025.11085702,"Bohol Island State University - Candijay Campus,College of Sciences,Environmental Science Department,Philippines","Bohol Island State University &#x2013; Candijay Campus,College of Sciences,Computer Science Department,Philippines | Bohol Island State University - Candijay Campus,College of Sciences,Environmental Science Department,Philippines | Bohol Island State University - Candijay Campus,College of Sciences,Environmental Science Department,Philippines | Bohol Island State University - Candijay Campus,College of Sciences,Environmental Science Department,Philippines | Bohol Island State University - Candijay Campus,College of Sciences,Environmental Science Department,Philippines",,,Bohol Island State University
2025,Candijay Campus,high,Computer Science,Analyzing the Impact of Screen Time on Child and Adolescent Behavior and Academic Performance using Machine Learning Models,"Epifelward Niño O. Amora, Jose C. Agoylo, Jorton A. Tagud, Jimson A. Olaybar, Keano Nikko L. Sy, Rolly S. Acaso",2025 3rd International Conference on Inventive Computing and Informatics (ICICI),IEEE,proceedings-article,10.1109/icici65870.2025.11069749,https://doi.org/10.1109/icici65870.2025.11069749,"College of Sciences,Department of Computer Science Bohol Island State University - Candijay Campus,Philippines","College of Sciences,Department of Computer Science Bohol Island State University - Candijay Campus,Philippines | College of Computer Studies and Information Technology, Southern Leyte State University - Tomas Oppus Campus,Southern Leyte,Philippines | College of Computer Studies and Information Technology, Southern Leyte State University - Main Campus,Southern Leyte,Philippines | College of Computer Studies and Information Technology, Southern Leyte State University - Main Campus,Southern Leyte,Philippines | College of Computer Studies and Information Technology, Southern Leyte State University - Main Campus,Southern Leyte,Philippines | College of Computer Studies and Information Technology, Southern Leyte State University - Main Campus,Southern Leyte,Philippines",,,Bohol Island State University
2025,Candijay Campus,high,Computer Science,AI-Driven Real-Time Severity Prediction for Cyber Attacks using Machine Learning,"Epifelward Niño O. Amora, Jose C. Agoylo, Jimson A. Olaybar, Josephine C. Munasque, Patrick D. Cerna",2025 3rd International Conference on Self Sustainable Artificial Intelligence Systems (ICSSAS),IEEE,proceedings-article,10.1109/icssas66150.2025.11081230,https://doi.org/10.1109/icssas66150.2025.11081230,"Bohol Island State University - Candijay Campus,College of Sciences,Department of Computer Science,Philippines","Bohol Island State University - Candijay Campus,College of Sciences,Department of Computer Science,Philippines | Southern Leyte State University - Tomas Oppus Campus,College of Computer Studies and Information Technology,Southern Leyte,Philippines | Southern Leyte State University-Main Campus,College of Computer Studies and Information Technology,Southern Leyte,Philippines | Siquijor State University,Information Technology Department,Philippines | State University of Northern,Graduate School,Negros,Philippines",,,Bohol Island State University
2025,Bilar Campus,high,Computing (unspecified),Predicting Student Entrepreneurial Intentions: A Comparative Analysis of Machine Learning Models,"Darrel A. Cardaña, Danie D. Baldesco, Renante Avergonzado, Jennifer Gasatan, Mae P. Bas, Renan Sale","2025 IEEE International Conference on Industry 4.0, Artificial Intelligence, and Communications Technology (IAICT)",IEEE,proceedings-article,10.1109/iaict65714.2025.11100509,https://doi.org/10.1109/iaict65714.2025.11100509,"Bohol Island State University-Bilar Campus,College of Technology,Bilar,Bohol,Philippines","Bohol Island State University-Bilar Campus,College of Technology,Bilar,Bohol,Philippines | Bohol Island State University-Bilar Campus,College of Technology,Bilar,Bohol,Philippines | Bohol Island State University-Bilar Campus,College of Technology,Bilar,Bohol,Philippines | Bohol Island State University-Bilar Campus,College of Technology,Bilar,Bohol,Philippines | Bohol Island State University-Bilar Campus,College of Teacher Education,Bilar,Bohol,Philippines | Bohol Island State University-Bilar Campus,College of Teacher Education,Bilar,Bohol,Philippines",,,Bohol Island State University
2025,Balilihan Campus,high,Computer Science,Modeling the Risk of Sleep Disruption in Children based on Screen Time Behaviors using Unsupervised Learning,"Epifelward Niño O. Amora, Shella C. Olaguir",2025 3rd International Conference on Self Sustainable Artificial Intelligence Systems (ICSSAS),IEEE,proceedings-article,10.1109/icssas66150.2025.11080986,https://doi.org/10.1109/icssas66150.2025.11080986,"Bohol Island State University - Balilihan Campus,College of Computing and Information Sciences,Philippines","Bohol Island State University - Candijay Campus,College of Sciences,Department of Computer Science,Philippines | Bohol Island State University - Balilihan Campus,College of Computing and Information Sciences,Philippines",,,Bohol Island State University
2025,BISU (campus unspecified),high,Information Technology,Grok-Powered Analysis of Project-Based-Learning Student Feedback,Cecilia T. Gumanoy,2025 8th International Conference on Data Science and Information Technology (DSIT),IEEE,proceedings-article,10.1109/dsit67006.2025.11390029,https://doi.org/10.1109/dsit67006.2025.11390029,"Bohol Island State University,Bohol,Philippines","Bohol Island State University,Bohol,Philippines",,,Bohol Island State University
2025,BISU (campus unspecified),high,Computing (unspecified),Subject-taught mismatch: lived experiences of Filipino non-early childhood education teachers from a Lefebvrian perspective,"Jeziel Amolo Estapia, Nilo Jayoma Castulo, Richard Salomon Mula",Journal of Early Childhood Teacher Education,Informa UK Limited,journal-article,10.1080/10901027.2025.2581011,https://doi.org/10.1080/10901027.2025.2581011,Bohol Island State University,Bohol Island State University | Mindanao State University - Tawi-Tawi College of Technology and Oceanography | Bohol Island State University,,,Bohol Island State University
2025,BISU (campus unspecified),high,Computing (unspecified),OPeraTE.AI: Optimized Personnel and Inmate Tracking Efficiency Through Facial Recognition using Siamese Neural Network,"Mark Ryan I. Hilario, Eliezer C. Inferido, Jhonlie C. Melecio, Ariel Christian C. Viodor","2025 IEEE Open Conference of Electrical, Electronic and Information Sciences (eStream)",IEEE,proceedings-article,10.1109/estream66938.2025.11016882,https://doi.org/10.1109/estream66938.2025.11016882,"Bohol Island State University &#x2013; Clarin Campus,College of Science and Management,Bohol,Philippines","Bohol Island State University &#x2013; Clarin Campus,College of Science and Management,Bohol,Philippines | Bohol Island State University &#x2013; Clarin Campus,College of Science and Management,Bohol,Philippines | Bohol Island State University &#x2013; Clarin Campus,College of Science and Management,Bohol,Philippines | Bohol Island State University &#x2013; Clarin Campus,College of Science and Management,Bohol,Philippines",,,Bohol Island State University
2025,BISU (campus unspecified),high,Computing (unspecified),Enhancing Scholarship Allocation Through Machine Learning: A Review of Models and Techniques,"Alvin T. Remolado, Cristina E. Dumdumaya","2025 IEEE Open Conference of Electrical, Electronic and Information Sciences (eStream)",IEEE,proceedings-article,10.1109/estream66938.2025.11016866,https://doi.org/10.1109/estream66938.2025.11016866,"Bohol Island State University,College of Science and Management,Philippines","Bohol Island State University,College of Science and Management,Philippines | University of Southeastern Philippines,College of Information and Computing,Davao City,Philippines",,,Bohol Island State University
2025,BISU (campus unspecified),high,Computer Science,Senti Guide: A Machine Learning-Based Sentiment Analysis System for Student Feedback Evaluation,"Angeline W. Ariño, John Jayford P. Managaytay, John Vic C. Bacalso, Alvin T. Remolado","2025 IEEE Open Conference of Electrical, Electronic and Information Sciences (eStream)",IEEE,proceedings-article,10.1109/estream66938.2025.11016894,https://doi.org/10.1109/estream66938.2025.11016894,"Bohol Island State University &#x2013; Clarin Campus,Computer Science Department","Bohol Island State University &#x2013; Clarin Campus,Computer Science Department | Bohol Island State University &#x2013; Clarin Campus,Computer Science Department | Bohol Island State University &#x2013; Clarin Campus,Computer Science Department | Bohol Island State University &#x2013; Clarin Campus,Computer Science Department",,,Bohol Island State University
2025,BISU (campus unspecified),high,Computer Science,Predicting Global Youth Literacy Rates using Machine Learning: A Feature Engineering Approach,"Epifelward Niño O. Amora, Ma. Magdalena J. Bernales",2025 6th International Conference on Intelligent Communication Technologies and Virtual Mobile Networks (ICICV),IEEE,proceedings-article,10.1109/icicv64824.2025.11085870,https://doi.org/10.1109/icicv64824.2025.11085870,"Bohol Island State University &#x2013; Candijay Campus,College of Sciences,Department of Computer Science,Philippines","Bohol Island State University &#x2013; Candijay Campus,College of Sciences,Department of Computer Science,Philippines | Bohol Island State University &#x2013; Candijay Campus,College of Teacher Education,Philippines",,,Bohol Island State University
2025,BISU (campus unspecified),high,Computer Science,Optimized Random Forest Regression for Predictive Modeling of Environmental Correlation Metrics in Typhoon Data,"Epifelward Niño O. Amora, Jose C. Agoylo, Jorton A. Tagud, Jimson A. Olaybar, Patrick D. Cerna",2025 3rd International Conference on Sustainable Computing and Smart Systems (ICSCSS),IEEE,proceedings-article,10.1109/icscss64956.2025.11500845,https://doi.org/10.1109/icscss64956.2025.11500845,"Bohol Island State University,College of Sciences,Department of Computer Science,Philippines","Bohol Island State University,College of Sciences,Department of Computer Science,Philippines | Southern Leyte State University,College of Computer Studies and Information Technology,Philippines | Southern Leyte State University,College of Computer Studies and Information Technology | Southern Leyte State University,College of Computer Studies and Information Technology,Philippines | State University of Northern Negros,Graduate School,Philippines",,,Bohol Island State University
2025,BISU (campus unspecified),high,Computer Science,iBon: A Web Application for Aerial Fauna Identification and Counting Using Machine Learning,"John Stephen Buslon Malarejes, Vanesa Bea Man-On Salvaleon, Joseph Espina Mission, Max Angelo Dapitilla Perin","2025 IEEE Open Conference of Electrical, Electronic and Information Sciences (eStream)",IEEE,proceedings-article,10.1109/estream66938.2025.11016858,https://doi.org/10.1109/estream66938.2025.11016858,"Bohol Island State University,College of Technology,Computer Science Department,Philippines","Bohol Island State University,College of Technology,Computer Science Department,Philippines | Bohol Island State University,College of Technology,Computer Science Department,Philippines | Bohol Island State University,College of Technology,Computer Science Department,Philippines | Bohol Island State University,College of Technology,Computer Science Department,Philippines",,,Bohol Island State University
2025,BISU (campus unspecified),high,Computer Science,Data Privacy in Machine Learning: A Pipeline for Privacy Risk Assessment,"Epifelward Niño O. Amora, Michelle P. Ombid",2025 3rd International Conference on Sustainable Computing and Data Communication Systems (ICSCDS),IEEE,proceedings-article,10.1109/icscds65426.2025.11167108,https://doi.org/10.1109/icscds65426.2025.11167108,"Bohol Island State University,College of Sciences, Computer Science Department,Philippines","Bohol Island State University,College of Sciences, Computer Science Department,Philippines | Eastern Samar State University,College of Computer Studies,Philippines",,,Bohol Island State University
2025,BISU (campus unspecified),high,Computer Science,Cybersecurity and IT Governance in ASEAN: A Data-Driven Evaluation Framework,"Epifelward Niño O. Amora, Jose C. Agoylo, Jimson A. Olaybar, Josephine C. Muñasque, Jorton A. Tagud, Felicisimo V. Wenceslao",2025 3rd International Conference on Sustainable Computing and Data Communication Systems (ICSCDS),IEEE,proceedings-article,10.1109/icscds65426.2025.11167631,https://doi.org/10.1109/icscds65426.2025.11167631,"Bohol Island State University,College of Sciences,Department of Computer Science,Philippines","Bohol Island State University,College of Sciences,Department of Computer Science,Philippines | Southern Leyte State University,College of Computer Studies and Information Technology,Philippines | Southern Leyte State University,College of Computer Studies and Information Technology,Philippines | Southern Leyte State University,College of Computer Studies and Information Technology,Philippines | Siquijor State University,Information Technology Department,Philippines | Northern Iloilo State University,College of Information and Computing Studies,Iloilo,Philippines",,,Bohol Island State University
2025,BISU (campus unspecified),high,Computer Science,Comparative Analysis of Machine Learning Models for Predicting Species Distribution in Fishing Data,Epifelward Niño O. Amora,2025 International Conference on Electronics and Renewable Systems (ICEARS),IEEE,proceedings-article,10.1109/icears64219.2025.10940562,https://doi.org/10.1109/icears64219.2025.10940562,"Bohol Island State University,College of Sciences,Computer Science Department,Philippines","Bohol Island State University,College of Sciences,Computer Science Department,Philippines",,,Bohol Island State University
2025,BISU (campus unspecified),high,Computer Science,Bridging Engagement and Difficulty in Math Education Data: A Novel Adjusted Performance Metric and Predictive Modeling,"Epifelward Niño O. Amora, Evangeline N. Olandria, Kennery V. Romero, Rennan C. Amoguis, Rodelou G. Tuyor, Roger E. Amolato",2025 6th International Conference on Intelligent Communication Technologies and Virtual Mobile Networks (ICICV),IEEE,proceedings-article,10.1109/icicv64824.2025.11085459,https://doi.org/10.1109/icicv64824.2025.11085459,"Bohol Island State University &#x2013; Candijay Campus,College of Sciences,Department of Computer Science,Philippines","Bohol Island State University &#x2013; Candijay Campus,College of Sciences,Department of Computer Science,Philippines | Bohol Island State University &#x2013; Candijay Campus,College of Sciences,Department of Computer Science,Philippines | Bohol Island State University &#x2013; Candijay Campus,College of Sciences,Department of Computer Science,Philippines | Bohol Island State University &#x2013; Candijay Campus,College of Sciences,Department of Computer Science,Philippines | Bohol Island State University &#x2013; Candijay Campus,College of Sciences,Department of Computer Science,Philippines | Bohol Island State University &#x2013; Candijay Campus,College of Sciences,Department of Computer Science,Philippines",,,Bohol Island State University
2025,BISU (campus unspecified),high,Computer Science,An Ensemble-based Predictive Framework for Student PE Performance using Engineered Fitness and Engagement Metrics,"Epifelward Niño O. Amora, Jose C. Agoylo, Haidelyn J. Sacro, Joedee Mark Rodriguez",2025 3rd International Conference on Sustainable Computing and Smart Systems (ICSCSS),IEEE,proceedings-article,10.1109/icscss64956.2025.11500957,https://doi.org/10.1109/icscss64956.2025.11500957,"Bohol Island State University,College of Sciences,Computer Science Department,Philippines","Bohol Island State University,College of Sciences,Computer Science Department,Philippines | Southern Leyte State University,Faculty of Computer Studies and Information Technology,Southern Leyte,Philippines | Southern Leyte State University,Faculty of Computer Studies and Information Technology,Southern Leyte,Philippines | Southern Leyte State University,Faculty of Computer Studies and Information Technology,Southern Leyte,Philippines",,,Bohol Island State University
2025,BISU (campus unspecified),high,Computer Science,A Predictive Framework for Marine Microplastic Pollution using Machine Learning and Spatial Analysis,Epifelward Niño O. Amora,2025 3rd International Conference on Self Sustainable Artificial Intelligence Systems (ICSSAS),IEEE,proceedings-article,10.1109/icssas66150.2025.11080971,https://doi.org/10.1109/icssas66150.2025.11080971,"Bohol Island State University &#x2013; Candijay Campus,College of Sciences,Department of Computer Science,Philippines","Bohol Island State University &#x2013; Candijay Campus,College of Sciences,Department of Computer Science,Philippines",,,Bohol Island State University
2025,BISU (campus unspecified),high,Computer Science,A Location-based Support Vector Regression Approach for Wet-Bulb Temperature Prediction,"Epifelward Niño O. Amora, Jose C. Agoylo, Jorton A. Tagud, Jimson A. Olaybar, Keano Nikko L. Sy, Alex C. Bacalla",2025 6th International Conference on Smart Electronics and Communication (ICOSEC),IEEE,proceedings-article,10.1109/icosec67334.2025.11459617,https://doi.org/10.1109/icosec67334.2025.11459617,"Bohol Island State University &#x2013; Candijay Campus,College of Sciences, Computer Science Department,Philippines","Bohol Island State University &#x2013; Candijay Campus,College of Sciences, Computer Science Department,Philippines | Southern Leyte State University - Tomas Oppus Campus,Faculty of Computer Studies and Information Technology,Philippines | Southern Leyte State University-Main Campus,Faculty of Computer Studies and Information Technology,Philippines | Southern Leyte State University-Main Campus,Faculty of Computer Studies and Information Technology,Philippines | Southern Leyte State University - Tomas Oppus Campus,Faculty of Computer Studies and Information Technology,Philippines | Southern Leyte State University - Tomas Oppus Campus,Faculty of Computer Studies and Information Technology,Philippines",,,Bohol Island State University
2025,BISU (campus unspecified),high,Computer Science,"A Comparative Study of Bird Species Classification Using K-Nearest Neighbors, Convolutional Neural Networks, and Support Vector Machines","John Stephen Buslon Malarejes, Vanesa Bea Man-On Salvaleon, Joseph Espina Mission, Max Angelo Dapitilla Perin","2025 IEEE Open Conference of Electrical, Electronic and Information Sciences (eStream)",IEEE,proceedings-article,10.1109/estream66938.2025.11016879,https://doi.org/10.1109/estream66938.2025.11016879,"Bohol Island State University,College of Technology,Computer Science Department,Philippines","Bohol Island State University,College of Technology,Computer Science Department,Philippines | Bohol Island State University,College of Technology,Computer Science Department,Philippines | Bohol Island State University,College of Technology,Computer Science Department,Philippines | Bohol Island State University,College of Technology,Computer Science Department,Philippines",,,Bohol Island State University
2025,BISU (campus unspecified),high,Computer Engineering,"Automated Cabin System for Hygiene Compliance Monitoring with Mask, Hairnet, and Handwash Detection","Francis Jann Alagon, Collien Princess Pepito, Elaine Krissnell Miral, Earl Ryan Aleluya, Cherry Mae Villame, Carl John Salaan, Jeralyn Alagon, Abu Ubaidah Shamsudin",TENCON 2025 - 2025 IEEE Region 10 Conference (TENCON),IEEE,proceedings-article,10.1109/tencon66050.2025.11375134,https://doi.org/10.1109/tencon66050.2025.11375134,"Bohol Island State University,Computer Engineering Department,Tagbilaran City,Philippines","Mindanao State University-Iligan Institute of Technology,Department of Computer Engineering and Mechatronics,Iligan City,Philippines | Mindanao State University-Iligan Institute of Technology,Center for Mechatronics and Robotics,Iligan City,Philippines | Mindanao State University-Iligan Institute of Technology,Center for Mechatronics and Robotics,Iligan City,Philippines | Mindanao State University-Iligan Institute of Technology,Department of Computer Engineering and Mechatronics,Iligan City,Philippines | Mindanao State University-Iligan Institute of Technology,Department of Computer Engineering and Mechatronics,Iligan City,Philippines | Mindanao State University-Iligan Institute of Technology,Center for Mechatronics and Robotics,Iligan City,Philippines | Bohol Island State University,Computer Engineering Department,Tagbilaran City,Philippines | Universiti Tun Hussein Onn Malaysia,Department of Electrical and Electronics Engineering,Johor,Malaysia",,,Bohol Island State University
2024,Clarin Campus,high,Computing (unspecified),MangroveLens: A Smart Solution for Mangrove Species Identification Through MobileNetV3 Network Architecture and Biodiversity Monitoring,Ariel Christian C. Viodor,"2024 IEEE Open Conference of Electrical, Electronic and Information Sciences (eStream)",IEEE,proceedings-article,10.1109/estream61684.2024.10542585,https://doi.org/10.1109/estream61684.2024.10542585,"College of Science and Management, Bohol Island State University-Clarin Campus,Bohol,Philippines","College of Science and Management, Bohol Island State University-Clarin Campus,Bohol,Philippines",,,Bohol Island State University
2024,Clarin Campus,high,Computer Science,Predicting Geographic Distribution and Potential Habitat of Marine Bivalves *,Alme B. Maravillas,"2024 IEEE Open Conference of Electrical, Electronic and Information Sciences (eStream)",IEEE,proceedings-article,10.1109/estream61684.2024.10542596,https://doi.org/10.1109/estream61684.2024.10542596,"Bohol Island State University - Clarin Poblacion Norte,Computer Science Department,Clarin,Bohol,Phillippines","Bohol Island State University - Clarin Poblacion Norte,Computer Science Department,Clarin,Bohol,Phillippines",,,Bohol Island State University
2024,Clarin Campus,high,Computer Science,Optimizing MobileNetV3 Using Particle Swarm Optimization Algorithm for the Recognition of Bean Leaf Diseases,Daryl B. Valdez,"2024 IEEE Open Conference of Electrical, Electronic and Information Sciences (eStream)",IEEE,proceedings-article,10.1109/estream61684.2024.10542615,https://doi.org/10.1109/estream61684.2024.10542615,"Bohol Island State University - Clarin Campus,Department of Computer Science,Poblacion Norte, Clarin, Bohol,Philippines","Bohol Island State University - Clarin Campus,Department of Computer Science,Poblacion Norte, Clarin, Bohol,Philippines",,,Bohol Island State University
2024,Candijay Campus,high,Computer Science,Smart Aquatic Knowledgebase and Artificial Intelligence for Yielding Advanced Navigation (SakAi-yan): Predicting Marine Biodiversity and Fishing Impact,"Epifelward Niño O. Amora, Jose C. Agoylo, Jorton A. Tagud, Liezly M. Teofilo, Patrick D. Cerna",2024 5th International Conference on Smart Electronics and Communication (ICOSEC),IEEE,proceedings-article,10.1109/icosec61587.2024.10722647,https://doi.org/10.1109/icosec61587.2024.10722647,"Bohol Island State University - Candijay Campus, Cogtong, Candijay,College of Sciences - Computer Science Department,Bohol,Philippines","Bohol Island State University - Candijay Campus, Cogtong, Candijay,College of Sciences - Computer Science Department,Bohol,Philippines | Southeren Leyte State University - Tomas Oppus Campus,College of Computer Studies and Information Technology,Southern Leyte,Philippines | Southeren Leyte State University - Main Campus,College of Computer Studies and Information Technology,Southern Leyte,Philippines | Division of Southern Leyte,Department of Education,Southern Leyte,Philippines | State University of Northern Negros,Graduate School,Southern Leyte,Philippines",,,Bohol Island State University
2024,Bilar Campus,high,Computing (unspecified),Predicting the Use Behavior of Micro-Mobility as a Service in the Philippines: A Structural Equation Modeling Approach,"Alexander A. Hernandez, Victor James C. Escolano, Muhammad Syukur, Ace Lagman, Darrel Cardaña",2024 9th International Conference on Business and Industrial Research (ICBIR),IEEE,proceedings-article,10.1109/icbir61386.2024.10875886,https://doi.org/10.1109/icbir61386.2024.10875886,"College of Technology and Allied Sciences, Bohol Island State University-Bilar Campus,Bohol,Philippines","College of Technology, Lyceum of the Philippines University,Manila,Philippines | College of Liberal Arts, Technological University of the Philippines,Manila,Philippines | Sustainability and Entrepreneurship Research Center (SERC), Mae Fah Luang University,Chiang Rai,Thailand | College of Computer Studies and Multimedia Arts, FEU Institute of Technology,Manila,Philippines | College of Technology and Allied Sciences, Bohol Island State University-Bilar Campus,Bohol,Philippines",,,Bohol Island State University
2024,Bilar Campus,high,Computing (unspecified),Predicting the Determinants of Artificial Intelligence in Green Energy Technologies Adoption Intention at the Household Level Using Structural Equation Modeling,"Alexander A. Hernandez, Victor James C. Escolano, Muhammad Syukur, Darrel Cardaña, Erlito M. Albina, Ace Lagman",2024 9th International Conference on Business and Industrial Research (ICBIR),IEEE,proceedings-article,10.1109/icbir61386.2024.10875689,https://doi.org/10.1109/icbir61386.2024.10875689,"College of Technology and Allied Sciences, Bohol Island State University-Bilar Campus,Bohol,Philippines","College of Technology, Lyceum of the Philippines University,Manila,Philippines | College of Liberal Arts, Technological University of the Philippines,Manila,Philippines | Sustainability and Entrepreneurship Research Center (SERC), Mae Fah Luang University,Chiang Rai,Thailand | College of Technology and Allied Sciences, Bohol Island State University-Bilar Campus,Bohol,Philippines | College of Technology, Lyceum of the Philippines University,Manila,Philippines | College of Computer Studies and Multimedia Arts, FEU Institute of Technology,Manila,Philippines",,,Bohol Island State University
2024,Bilar Campus,high,Computing (unspecified),"GIS-based watershed characterization and morphometric analysis in Bohol Watersheds, Philippines","Imelida Torrefranca, Roland Emerito Otadoy","Geology, Ecology, and Landscapes",Informa UK Limited,journal-article,10.1080/24749508.2022.2158554,https://doi.org/10.1080/24749508.2022.2158554,"Department of Agricultural and Biosystems Engineering, Bohol Island State University, Bilar 6319, Philippines","School of Engineering, University of San Carlos, Talamban, Cebu City 6000, Philippines | Department of Agricultural and Biosystems Engineering, Bohol Island State University, Bilar 6319, Philippines | Theoretical and Computational Sciences and Engineering Group, Department of Physics, University of San Carlos-Talamban Campus, Nasipit, Talamban, Cebu City 6000, Philippines | Center for Geoinformatics and Environmental Solutions, University of San Carlos-Talamban Campus, Nasipit, Talamban, Cebu City 6000, Philippines",,,Bohol Island State University
2024,Bilar Campus,high,Computer Science,StenogrApp: E-Learning Android Application in Recognition of Basic Gregg Shorthand using Machine Learning,"Darrel Abuyabor Cardana, Max Angelo Dapitilla Perin, Sheila Garcia Tabuno, Elizabeth Ancog Orapa, Mae Suaybaguio Dagupan, Joan Mae Garcia Lagumbay",ICETT 2024: 2024 10th International Conference on Education and Training Technologies,ACM,proceedings-article,10.1145/3661904.3661930,https://doi.org/10.1145/3661904.3661930,"Computer Science Department, Bohol Island State University-Bilar Campus, Philippines","Computer Science Department, Bohol Island State University-Bilar Campus, Philippines | Computer Science Department, Bohol Island State University-Bilar Campus, Philippines | Computer Science Department, Bohol Island State University-Bilar Campus, Philippines | Business and Office Administration, Bohol Island State University-Bilar Campus, Philippines | Business and Office Administration, Bohol Island State University-Bilar Campus, Philippines | Business and Office Administration, Bohol Island State University-Bilar Campus, Philippines",,,Bohol Island State University
2024,Bilar Campus,high,Computer Science,eBaybayMo: An E-Learning Mobile Application Tool for Transliterating Baybayin Characters to Latin Letters Using k-NN Algorithm,"Max Angelo Dapitilla Perin, Darrel Abuyabor Cardaña, Cecilia Tabel Gumanoy",2024 13th International Conference on Educational and Information Technology (ICEIT),IEEE,proceedings-article,10.1109/iceit61397.2024.10540853,https://doi.org/10.1109/iceit61397.2024.10540853,"Bohol Island State University-Bilar Campus,Department of Computer Science","Bohol Island State University-Bilar Campus,Department of Computer Science | Bohol Island State University-Bilar Campus,Department of Computer Science | Bohol Island State University-Bilar Campus,Department of Computer Science",,,Bohol Island State University
2024,BISU (campus unspecified),high,Information Technology,A Prototype of Project M.A.K.A.S.A. (Modeling Agricultural Knowledge with A.I. for Sustainable Agriculture): An Intelligent Information System,"Max Angelo Dapitilla Perin, Larmie Santos Feliscuzo",2024 7th International Conference on Data Science and Information Technology (DSIT),IEEE,proceedings-article,10.1109/dsit61374.2024.10881265,https://doi.org/10.1109/dsit61374.2024.10881265,"Bohol Island State University,College of Technology,Bohol,Philippines","Bohol Island State University,College of Technology,Bohol,Philippines | Cebu Institute of Technolgy-University,College of Computer Studies,Cebu,Philippines",,,Bohol Island State University
2024,BISU (campus unspecified),high,Computing (unspecified),Implementing a Support Vector Classifier for Student Risk Assessment in Colegio De Getafe: A Machine Learning Approach,"Alvin T. Remolado, Deborah G. Brosas","2024 IEEE Open Conference of Electrical, Electronic and Information Sciences (eStream)",IEEE,proceedings-article,10.1109/estream61684.2024.10542588,https://doi.org/10.1109/estream61684.2024.10542588,"College of Science and Management, Bohol Island State University &#x2013; Clarin Campus,Clarin,Bohol,Philippines","College of Science and Management, Bohol Island State University &#x2013; Clarin Campus,Clarin,Bohol,Philippines | Graduate School Department, Eastern Visayas State University,Tacloban City,Philippines",,,Bohol Island State University
2024,BISU (campus unspecified),high,Computer Engineering,Understanding Internet Usage Patterns and Behaviors Among College Students: A Machine Learning Approach,"Alvin T. Remolado, Darrel A. Cardaña","2024 IEEE International Conference on Control &amp; Automation, Electronics, Robotics, Internet of Things, and Artificial Intelligence (CERIA)",IEEE,proceedings-article,10.1109/ceria64726.2024.10915195,https://doi.org/10.1109/ceria64726.2024.10915195,"College of Science and Management, Bohol Island State University,Bohol,Philippines","College of Science and Management, Bohol Island State University,Bohol,Philippines | College of Technology and Allied Sciences, Bohol Island State University,Bohol,Philippines",,,Bohol Island State University
2022,Clarin Campus,high,Computing (unspecified),Vision-based Real-Time Disaster Recognition Monitoring System using Raspberry Pi and Deep Learning Model,"Daryl B. Valdez, Rey Anthony G. Godmalin, Allan Josephus M. Bunga","2022 2nd International Seminar on Machine Learning, Optimization, and Data Science (ISMODE)",IEEE,proceedings-article,10.1109/ismode56940.2022.10180915,https://doi.org/10.1109/ismode56940.2022.10180915,"Bohol Island State University - Clarin Campus Clarin,BSCS Department,Bohol,Philippines","Bohol Island State University - Clarin Campus Clarin,BSCS Department,Bohol,Philippines | Bohol Island State University - Clarin Campus Clarin,BSCS Department,Bohol,Philippines | Bohol Island State University - Clarin Campus Clarin,BSCS Department,Bohol,Philippines",,,Bohol Island State University
2022,Calape Campus,high,Computing (unspecified),Acceptability Level of Operator Interface Controller of Robotic Arm,johnny Q. Tagupa Msit,"Journal of Artificial Intelligence, Machine Learning and Neural Network",HM Publishers,journal-article,10.55529/jaimlnn.23.46.50,https://doi.org/10.55529/jaimlnn.23.46.50,"College of Technology and Allied Sciences, Bohol Island State University, Calape, Bohol, Philippines","College of Technology and Allied Sciences, Bohol Island State University, Calape, Bohol, Philippines",,"The main purpose of this study was to design, assemble and assess the Acceptability Level of the Operator Interface Controller of Robotic Arm. It is a device that provides students an experience identical to an actual work in the industry. Through the use of this device, the student will gain knowledge and ideas on the operation of robotic arm, Programmable Logic Controller, Human Machine Interface programming, and the learning competencies of the students will be enhanced. The researcher believes that developing the device addresses the diverse needs of learning material in automation and industrial process control. The study utilized the experimental research design in the assembly of the device. Various trials and errors were done until the device was 100% functional. Questionnaire was given after the experiment for the acceptability level to gather the necessary data. The level of acceptability of the Operator Interface Controller of Robotic Arm gained an average weighted mean of 3.84 with the description “very high”. The performance of the device was rated the highest with weighted mean of 3.88. Second was the safety with weighted mean of 3.84 which means device was adequately assembled and guarantees safety. Convenience was rated third, which was described as ""very high, and has an average weighted mean of 3.82. However, cost ranked the lowest with an average weighted mean of 3.80 since the materials used in constructing the device were of guaranteed quality. Based on the findings, the researcher conclude that the Operator Interface Controller of Robotic Arm was highly acceptable by the respondents in terms of performance, safety, convenience, and cost.",Bohol Island State University
2022,Bilar Campus,high,Computing (unspecified),"Incorporating Landscape Dynamics in Small-Scale Hydropower Site Location Using a GIS and Spatial Analysis Tool: The Case of Bohol, Central Philippines","Imelida Torrefranca, Roland Emerito Otadoy, Alejandro Tongco",Energies,MDPI AG,journal-article,10.3390/en15031130,https://doi.org/10.3390/en15031130,"Department of Agricultural and Biosystems Engineering, Bohol Island State University, Bilar 6319, Philippines","Graduate School of Engineering, University of San Carlos, Talamban, Cebu City 6000, Philippines | Department of Agricultural and Biosystems Engineering, Bohol Island State University, Bilar 6319, Philippines | Theoretical, Computational Sciences and Engineering Group, Department of Physics, University of San Carlos, Talamban, Cebu City 6000, Philippines | Center for Geoinformatics and Environmental Solutions, University of San Carlos, Talamban, Cebu City 6000, Philippines | Graduate School of Engineering, University of San Carlos, Talamban, Cebu City 6000, Philippines",,"Hydropower depends on the elevation head and water flow of a river. However, other factors must be considered, such as the risk associated with surface processes and environmental factors. The study aims to analyze a landscape’s dynamics and locate potential sites for small-scale hydropower systems (",Bohol Island State University
2022,BISU (campus unspecified),high,Computing (unspecified),Computer Vision-Based Signature Forgery Detection System Using Deep Learning: A Supervised Learning Approach,"Ryan C. Reyes, Myriam J. Polinar, Richardson M. Dasalla, Godofredo S. Zapanta, Mark P. Melegrito, Renato R. Maaliw","2022 IEEE International Conference on Electronics, Computing and Communication Technologies (CONECCT)",IEEE,proceedings-article,10.1109/conecct55679.2022.9865776,https://doi.org/10.1109/conecct55679.2022.9865776,"Bohol Island State University,College of Engineering and Architecture,Tagbilaran City,Philippines","Technological University of the Philippines,Department of Electrical Engineering,Manila,Philippines | Bohol Island State University,College of Engineering and Architecture,Tagbilaran City,Philippines | Ifugao State University,College of Computing Sciences,Ifugao,Philippines | Pamantasan ng Lungsod ng Pasig,College of Engineering,Pasig,Philippines | Technological University of the Philippines,Department of Electronics Engineering,Manila,Philippines | University Lucban,College of Engineering Southern Luzon State,Quezon,Philippines",,,Bohol Island State University
2022,BISU (campus unspecified),high,Computer Engineering,Deep Convolutional Network Tumor Classification System in Brain MRI,"Roderick Y. Vicente, Ryan R. Tejada, Glenn John O. Fernando, Roselle P. Cimagala, Yolanda D. Austria, Deanne Cameren P. Evangelista","2022 IEEE International Conference on Electronics, Computing and Communication Technologies (CONECCT)",IEEE,proceedings-article,10.1109/conecct55679.2022.9865680,https://doi.org/10.1109/conecct55679.2022.9865680,"Bohol Island State University,College of Engineering and Architecture,Tagbilaran City,Philippines","Ifugao State University,College of Computing Sciences,Ifugao,Philippines | Ifugao State University,College of Computing Sciences,Ifugao,Philippines | Ifugao State University,College of Computing Sciences,Ifugao,Philippines | Bohol Island State University,College of Engineering and Architecture,Tagbilaran City,Philippines | Adamson University,Department of Computer Engineering,Manila,Philippines | Bohol Island State University,College of Engineering and Architecture,Tagbilaran City,Philippines",,,Bohol Island State University
2021,Main Campus,high,Computer Science,EskayApp: An Eskaya-Latin Script OCR Transliteration e-Learning Android Application using Supervised Machine Learning,"Max Angelo Dapitilla Perin, Larmie Santos Feliscuzo, Cherry Lyn Cando Sta. Romana",ICDTE 2021: 2021 5th International Conference on Digital Technology in Education,ACM,proceedings-article,10.1145/3488466.3488467,https://doi.org/10.1145/3488466.3488467,"Department of Computer Science, Cebu Institute of Technology - University, Philippines and College of Engineering, Architecture and Industrial Design, Bohol Island State University - Main Campus, Philippines","Department of Computer Science, Cebu Institute of Technology - University, Philippines and College of Engineering, Architecture and Industrial Design, Bohol Island State University - Main Campus, Philippines | College of Computer Studies, Cebu Institute of Technology - University, Philippines | College of Computer Studies, Cebu Institute of Technology - University, Philippines",,,Bohol Island State University
2021,Clarin Campus,high,Computing (unspecified),A Deep Learning Approach of Recognizing Natural Disasters on Images using Convolutional Neural Network and Transfer Learning,"Daryl B. Valdez, Rey Anthony G. Godmalin",icARTi '21: International Conference on Artificial Intelligence and its Applications,ACM,proceedings-article,10.1145/3487923.3487927,https://doi.org/10.1145/3487923.3487927,"Bohol Island State University - Clarin Campus, Philippines","Bohol Island State University - Clarin Campus, Philippines | Bohol Island State University - Clarin Campus, Philippines",,,Bohol Island State University
2021,BISU (campus unspecified),high,Computing (unspecified),"The Adoption of Online Learning during the Pandemic: Issues, Challenges, and Future Directions","Kingie Micabalo, Winnie Marie Poliquit, Estela Ibañez, Robert Pabillaran, Carla Malait, Jesszon Cano",JPAIR Institutional Research,"Philippine Association of Institutions for Research, Inc.",journal-article,10.7719/irj.v17i1.750,https://doi.org/10.7719/irj.v17i1.750,Bohol Island State University,Business and Accountancy | University of Cebu | Business and Accountancy | University of Cebu | College of Technology | Lapu-Lapu City College | College of Technology | Lapu-Lapu City College | College of Technology | Lapu-Lapu City College | Hospitality Management | Bohol Island State University,,"The Covid19 Pandemic has shifted the entire momentum of the traditional education processes into an environment where students experience difficulties in the E-Learning program. This study determines the challenges encountered in the duration of the E-learning and its' effect on students' perceived learning and satisfaction during the Pandemic. The investigation study formulated an aggregate of 313 respondents on a snowball inspecting strategy. Frequency and simple percentage, weighted mean, Chi-Square Test of Independence, and One-way ANOVA were used to treat and interpret the data. The findings revealed that the students encountered difficulties through course quality, peer interactions, learning diversification, user-friendliness, and course design. Additionally, it was revealed that how they perceived these difficulties affects their perceived learning and satisfaction in the E-learning process. It was found out also that a higher level of challenges would associate with dissatisfaction and lower student perception in education. The study concluded that E-learning is a platform that should be present in the teaching and learning modalities in all institutions regardless of the situation. Additionally, the course quality, peer interactions, learning diversification, user-friendliness of the process, and its course contribute to increasing the student's perceived satisfaction in E-learning. Generally, the impact of the Covid 19 pandemic provides a manifestation that to improve student perceived learning and satisfaction; there is a need to intensify the execution in the administration, teachers, and the learning management systems used in a Higher Education Institution.",Bohol Island State University
2021,BISU (campus unspecified),high,Computing (unspecified),A Correlational Study on the Teaching Methodologies and the Competencies of Graduates in a Private University in the Philippines,"Kingie Micabalo, Winnie Marie Poliquit, Estela Ibanez, Robert Pabillaran, Quennie Marie Edicto, Jesszon Cano",JPAIR Institutional Research,"Philippine Association of Institutions for Research, Inc.",journal-article,10.7719/irj.v17i1.749,https://doi.org/10.7719/irj.v17i1.749,Bohol Island State University,Business and Accountancy | University of Cebu | Business and Accountancy | University of Cebu | College of Technology | Lapu-Lapu City College | College of Technology | Lapu-Lapu City College | College of Technology | Lapu-Lapu City College | Hospitality Management | Bohol Island State University,,"Teaching and learning methodologies are significant factors in building students’ competency after college life, making them a good contender in the labor market. The study determined the impact of the varied methodologies in teaching and learning on the graduates' competency. The 181 graduate respondents participated in the survey on a snowball method in data gathering. Frequency and simple percentage, weighted mean, Chi-Square Test of Independence, and One-way ANOVA were used to treat and interpret the data. The findings revealed that, in a pervasive way, the teaching and learning methodologies among faculties embodied in the flipped classroom, project-based learning, cooperative learning, problem-based learning, and competency-based learning in the Department were perceived by the graduates. By this instance, further findings revealed a significant relationship with adopting these varied methodologies and its influence on the graduates' competency in oral/written communications, teamwork/ collaboration, information/ technology application, leadership, and professionalism/ work ethic. The study concluded that a more substantial imposition of teaching and learning methodologies to the students' could greatly emphasize graduates' professionalism, leadership, communication, collaboration, and knowledge in information technology. Furthermore, the influence of flipped classrooms, project-based learning, cooperative learning, problem-based learning, and competency-based learning in the teaching and learning experiences in the Department provides a good impact on their competency as a graduate. These practices indicate a strong alignment between the institution's interests which focuses on producing competent and innovative graduates that are efficient and effective in the labor market.",Bohol Island State University
2021,BISU (campus unspecified),high,Computer Science,Deep Inference Localization Approach of License Plate Recognition: A 2014 Series Philippine Vehicle License Plate,"Ryan Carreon Reyes, Elaine M. Cepe, Nenita D. Guerrero, Rovenson V. Sevilla, Dolores L. Montesines",2021 International Conference on Computational Intelligence and Knowledge Economy (ICCIKE),IEEE,proceedings-article,10.1109/iccike51210.2021.9410799,https://doi.org/10.1109/iccike51210.2021.9410799,"Bohol Island State University,College of Engineering and Architecture,Tagbilaran,Philippines","Technological University of the Philippines,Department of Electrical Engineering,Manila,Philippines | Bohol Island State University,College of Engineering and Architecture,Tagbilaran,Philippines | Abu Dhabi Polytechnic,Department of Academic Support,Abu Dhabi,UAE | Technological University of the Philippines,Department of Electrical Engineering,Manila,Philippines | Technological University of the Philippines,Department of Computer Science,Manila,Philippines",,,Bohol Island State University
2020,BISU (campus unspecified),high,Computer Engineering,Cap-Eye-citor: A Machine Vision Inference Approach of Capacitor Detection for PCB Automatic Optical Inspection,"Julie Ann B. Susa, Erwin Mariquina, Meriam L. Tria, Cid Mathew Adolfo, Julius C. Castro",2020 IEEE 7th International Conference on Engineering Technologies and Applied Sciences (ICETAS),IEEE,proceedings-article,10.1109/icetas51660.2020.9484182,https://doi.org/10.1109/icetas51660.2020.9484182,"Bohol Island State University,Department of Computer Engineering,Bohol,Philippines","Technological Institute of the Philippines,College of Engineering and Architecture,Manila,Philippines | International Electronics and Technical Institute,Department of Computer Engineering,Alabang,Philippines | Eulogio"" Amang"" Rodriguez Institute of Science and Technology,Department of Electronics Engineering,Manila,Philippines | University of Gloucestershire,School of Computing and Engineering,United Kingdom | Bohol Island State University,Department of Computer Engineering,Bohol,Philippines",,,Bohol Island State University
